ev_id,station_id,arrival_time,departure_deadline,battery_capacity_kWh,initial_soc,target_soc,max_charging_power_kW,energy_required_kWh,minimum_charging_time_h,flexibility_buffer_h,scenario
EV_42debf7e,ST019,2025-04-01 00:18:46,2025-04-01 11:26:33,52.52,59.1,81.13,11,11.57,1.05,10.08,evening_peak
EV_15199822,ST009,2025-04-01 00:20:14,2025-04-01 12:59:54,70.31,33.49,91.05,11,40.47,3.68,8.98,evening_peak
EV_3cca6295,ST011,2025-04-01 00:52:06,2025-04-01 14:38:51,77.13,42.82,94.09,11,39.55,3.6,10.18,evening_peak
EV_e2ec33ff,ST003,2025-04-01 01:16:57,2025-04-01 16:13:07,73.02,39.56,84.0,7,32.45,4.64,10.3,evening_peak
EV_027e1f3b,ST006,2025-04-01 01:20:45,2025-04-01 13:45:14,89.37,51.85,98.2,22,41.43,1.88,10.52,evening_peak
EV_f2ebd837,ST011,2025-04-01 01:48:52,2025-04-01 15:10:58,87.89,45.77,88.54,11,37.58,3.42,9.95,evening_peak
EV_bd7eb6e3,ST004,2025-04-01 01:54:30,2025-04-01 12:15:44,44.39,51.86,87.32,11,15.74,1.43,8.92,evening_peak
EV_ba33d176,ST015,2025-04-01 02:24:58,2025-04-01 15:22:34,30.63,39.19,87.6,11,14.83,1.35,11.61,evening_peak
EV_b68f69f0,ST002,2025-04-01 02:46:39,2025-04-01 12:34:41,64.03,54.39,87.0,50,20.88,0.42,9.38,evening_peak
EV_7854ccbe,ST003,2025-04-01 02:47:44,2025-04-01 20:51:48,85.65,10.76,99.25,11,75.79,6.89,11.18,evening_peak
EV_821a4aae,ST006,2025-04-01 02:48:55,2025-04-01 14:37:12,61.46,51.53,90.11,22,23.71,1.08,10.73,evening_peak
EV_80a1d711,ST006,2025-04-01 02:51:11,2025-04-01 18:42:32,52.34,29.93,94.39,7,33.74,4.82,11.04,evening_peak
EV_3c6e1123,ST013,2025-04-01 02:52:42,2025-04-01 16:19:46,61.3,21.9,87.94,22,40.48,1.84,11.61,evening_peak
EV_bba99227,ST008,2025-04-01 03:51:12,2025-04-01 14:19:47,64.93,58.08,80.4,7,14.49,2.07,8.41,evening_peak
EV_c85a3f33,ST020,2025-04-01 03:56:12,2025-04-01 15:18:56,41.43,52.78,80.48,7,11.48,1.64,9.74,evening_peak
EV_6ab95753,ST004,2025-04-01 04:08:10,2025-04-01 16:03:36,61.82,43.71,84.05,22,24.94,1.13,10.79,evening_peak
EV_1f727615,ST006,2025-04-01 04:39:23,2025-04-01 18:57:15,64.17,45.34,96.62,7,32.91,4.7,9.6,evening_peak
EV_83f24833,ST015,2025-04-01 04:40:58,2025-04-01 17:55:42,69.72,16.18,82.87,22,46.5,2.11,11.13,evening_peak
EV_523b4541,ST010,2025-04-01 04:50:37,2025-04-01 20:00:43,91.71,41.36,84.35,7,39.42,5.63,9.54,evening_peak
EV_cff9a53b,ST017,2025-04-01 05:46:42,2025-04-01 16:54:21,51.41,23.37,95.4,22,37.03,1.68,9.44,evening_peak
EV_d49e447f,ST002,2025-04-01 06:14:52,2025-04-02 00:07:00,95.92,25.58,97.27,11,68.77,6.25,11.62,evening_peak
EV_9f4fb06a,ST006,2025-04-01 06:26:02,2025-04-01 20:37:14,38.88,11.49,85.12,11,28.63,2.6,11.58,evening_peak
EV_4388fc68,ST010,2025-04-01 06:59:25,2025-04-02 01:26:30,77.26,26.78,96.9,7,54.17,7.74,10.71,evening_peak
EV_19578432,ST004,2025-04-01 07:03:19,2025-04-02 00:42:05,53.74,11.28,96.66,7,45.88,6.55,11.09,evening_peak
EV_9a64671b,ST009,2025-04-01 07:06:02,2025-04-02 00:13:31,80.1,12.37,92.05,7,63.83,9.12,8.01,evening_peak
EV_d4706ae8,ST002,2025-04-01 07:08:35,2025-04-01 21:17:02,88.81,52.39,83.81,11,27.9,2.54,11.6,evening_peak
EV_f5edc003,ST018,2025-04-01 07:22:54,2025-04-01 19:01:35,81.63,28.2,88.47,50,49.21,0.98,10.66,evening_peak
EV_2a5d28af,ST008,2025-04-01 07:36:56,2025-04-01 16:24:42,42.68,25.02,94.39,50,29.61,0.59,8.2,evening_peak
EV_385fd2da,ST015,2025-04-01 07:40:21,2025-04-01 21:10:28,59.94,14.78,84.91,11,42.04,3.82,9.68,evening_peak
EV_f17326cb,ST008,2025-04-01 07:53:24,2025-04-01 21:46:52,90.56,37.52,80.21,7,38.66,5.52,8.37,evening_peak
EV_d628b81a,ST017,2025-04-01 08:10:02,2025-04-01 21:42:07,49.31,33.55,95.54,11,30.56,2.78,10.76,evening_peak
EV_ac6c267d,ST016,2025-04-01 08:44:42,2025-04-01 20:07:44,32.51,53.67,97.91,22,14.38,0.65,10.73,evening_peak
EV_085b5b9e,ST005,2025-04-01 08:51:57,2025-04-01 21:01:28,77.41,47.91,99.12,50,39.64,0.79,11.37,evening_peak
EV_8f6938e1,ST016,2025-04-01 09:11:16,2025-04-01 23:12:08,43.87,31.63,87.21,7,24.38,3.48,10.53,evening_peak
EV_8c61b07b,ST017,2025-04-01 09:28:41,2025-04-01 22:23:31,67.17,45.02,92.14,7,31.65,4.52,8.39,evening_peak
EV_afd4517f,ST003,2025-04-01 09:30:49,2025-04-01 19:10:41,32.11,54.67,98.74,22,14.15,0.64,9.02,evening_peak
EV_df0b0131,ST009,2025-04-01 09:43:50,2025-04-01 22:45:34,74.74,15.27,86.74,22,53.42,2.43,10.6,evening_peak
EV_5d21f952,ST002,2025-04-01 10:44:21,2025-04-02 00:18:07,40.75,14.5,87.42,11,29.72,2.7,10.86,evening_peak
EV_561b6997,ST010,2025-04-01 11:22:10,2025-04-02 02:10:59,56.89,25.9,88.84,7,35.81,5.12,9.7,evening_peak
EV_ca064e9b,ST014,2025-04-01 11:25:50,2025-04-02 03:12:24,77.34,48.0,94.51,7,35.97,5.14,10.64,evening_peak
EV_252d8438,ST010,2025-04-01 11:32:09,2025-04-01 20:45:14,74.78,27.57,93.78,50,49.51,0.99,8.23,evening_peak
EV_48644bde,ST009,2025-04-01 11:44:03,2025-04-02 03:49:57,93.44,39.91,84.47,7,41.64,5.95,10.15,evening_peak
EV_25eff136,ST018,2025-04-01 11:47:30,2025-04-02 02:12:29,94.66,44.56,84.43,7,37.75,5.39,9.02,evening_peak
EV_bf52c3a1,ST010,2025-04-01 12:00:58,2025-04-01 23:48:21,91.95,24.01,91.28,50,61.85,1.24,10.55,evening_peak
EV_d5a0b208,ST003,2025-04-01 12:01:06,2025-04-02 03:43:06,89.74,31.7,84.31,7,47.21,6.74,8.96,evening_peak
EV_cbc12159,ST002,2025-04-01 12:08:57,2025-04-02 01:45:15,53.71,17.21,96.37,22,42.52,1.93,11.67,evening_peak
EV_8d878367,ST008,2025-04-01 12:10:11,2025-04-01 21:52:11,65.74,20.52,85.15,50,42.49,0.85,8.85,evening_peak
EV_2a681eec,ST007,2025-04-01 12:27:24,2025-04-02 00:08:57,32.17,40.68,93.44,50,16.97,0.34,11.35,evening_peak
EV_751d88b4,ST009,2025-04-01 12:28:34,2025-04-01 23:08:57,41.06,18.96,86.67,11,27.8,2.53,8.15,evening_peak
EV_c12b94bd,ST015,2025-04-01 13:10:06,2025-04-02 02:00:24,56.1,48.23,84.18,7,20.17,2.88,9.96,evening_peak
EV_c8df7a55,ST003,2025-04-01 13:21:35,2025-04-01 23:31:39,80.77,56.1,80.42,11,19.64,1.79,8.38,evening_peak
EV_ebb933c3,ST011,2025-04-01 13:23:49,2025-04-02 02:12:59,71.62,41.33,81.61,7,28.85,4.12,8.7,evening_peak
EV_5c2ccc27,ST015,2025-04-01 13:30:25,2025-04-02 01:48:57,49.53,47.92,84.96,22,18.34,0.83,11.48,evening_peak
EV_5e0c49d7,ST009,2025-04-01 13:32:33,2025-04-02 04:01:26,81.74,21.25,95.07,22,60.34,2.74,11.74,evening_peak
EV_bade3f9d,ST009,2025-04-01 13:38:08,2025-04-02 02:18:50,59.37,50.28,84.34,11,20.22,1.84,10.84,evening_peak
EV_a0d1f451,ST012,2025-04-01 13:41:23,2025-04-02 03:01:35,95.67,14.16,97.75,50,79.97,1.6,11.74,evening_peak
EV_dea3ade6,ST018,2025-04-01 13:48:22,2025-04-02 03:43:46,55.63,50.62,99.98,7,27.46,3.92,10.0,evening_peak
EV_289e2a2c,ST010,2025-04-01 13:49:50,2025-04-02 00:26:51,98.49,28.32,84.07,22,54.91,2.5,8.12,evening_peak
EV_6b0812ae,ST009,2025-04-01 14:02:36,2025-04-02 06:22:10,55.18,15.23,82.02,7,36.85,5.26,11.06,evening_peak
EV_bb1d9465,ST017,2025-04-01 14:12:39,2025-04-02 01:22:01,46.94,56.2,84.94,22,13.49,0.61,10.54,evening_peak
EV_bda60b94,ST009,2025-04-01 14:25:08,2025-04-02 03:12:38,57.88,50.57,99.37,11,28.25,2.57,10.22,evening_peak
EV_00919fcb,ST002,2025-04-01 14:40:55,2025-04-02 02:27:57,51.34,55.95,90.95,22,17.96,0.82,10.97,evening_peak
EV_c6334963,ST019,2025-04-01 15:27:13,2025-04-02 05:12:02,60.27,55.4,80.04,7,14.86,2.12,11.62,evening_peak
EV_ca2fda11,ST005,2025-04-01 16:17:59,2025-04-02 03:01:01,35.17,51.81,91.62,11,14.0,1.27,9.44,evening_peak
EV_3704459c,ST007,2025-04-01 16:29:13,2025-04-02 03:54:32,58.56,42.88,86.02,11,25.26,2.3,9.13,evening_peak
EV_22056789,ST001,2025-04-01 17:00:24,2025-04-02 05:43:04,36.87,47.49,85.44,7,14.0,2.0,10.71,evening_peak
EV_dc90997c,ST018,2025-04-01 17:00:54,2025-04-02 05:31:33,76.7,58.95,85.28,7,20.2,2.89,9.63,evening_peak
EV_932df15e,ST006,2025-04-01 17:00:55,2025-04-02 06:18:31,46.99,42.42,89.13,7,21.95,3.14,10.16,evening_peak
EV_e070bc6b,ST013,2025-04-01 17:00:58,2025-04-02 10:35:46,90.21,15.04,88.24,7,66.04,9.43,8.15,evening_peak
EV_4f3d9aaf,ST010,2025-04-01 17:01:18,2025-04-02 01:58:22,30.57,45.18,89.89,50,13.67,0.27,8.68,evening_peak
EV_35cd4368,ST002,2025-04-01 17:01:35,2025-04-02 07:58:01,63.6,12.97,92.57,11,50.62,4.6,10.34,evening_peak
EV_1242a097,ST006,2025-04-01 17:02:53,2025-04-02 03:50:29,44.94,34.62,99.02,11,28.94,2.63,8.16,evening_peak
EV_8f2265b7,ST014,2025-04-01 17:03:13,2025-04-02 05:37:16,78.35,20.84,93.8,50,57.17,1.14,11.42,evening_peak
EV_3a0b5963,ST007,2025-04-01 17:04:00,2025-04-02 06:40:42,54.49,15.81,85.32,11,37.87,3.44,10.17,evening_peak
EV_7e979ca9,ST002,2025-04-01 17:04:14,2025-04-02 06:04:47,87.35,26.24,86.9,11,52.98,4.82,8.19,evening_peak
EV_d87d9990,ST017,2025-04-01 17:04:21,2025-04-02 06:37:06,49.39,36.48,80.65,11,21.82,1.98,11.56,evening_peak
EV_f8b2062e,ST002,2025-04-01 17:04:40,2025-04-02 08:50:08,67.36,10.85,95.35,11,56.92,5.17,10.58,evening_peak
EV_53bb5df6,ST019,2025-04-01 17:05:13,2025-04-02 04:16:13,61.11,25.92,81.8,50,34.15,0.68,10.5,evening_peak
EV_ba5c8ae0,ST012,2025-04-01 17:05:42,2025-04-02 06:40:32,63.79,43.45,92.06,11,31.01,2.82,10.76,evening_peak
EV_0e0346ef,ST001,2025-04-01 17:05:51,2025-04-02 11:08:49,97.47,15.73,93.41,11,75.72,6.88,11.17,evening_peak
EV_a1093fc3,ST005,2025-04-01 17:07:00,2025-04-02 04:29:00,51.72,32.4,97.0,11,33.41,3.04,8.33,evening_peak
EV_2c4fb310,ST003,2025-04-01 17:07:25,2025-04-02 04:21:43,76.26,30.69,81.98,22,39.12,1.78,9.46,evening_peak
EV_5b98c597,ST020,2025-04-01 17:07:48,2025-04-02 03:59:20,61.19,39.16,84.23,11,27.57,2.51,8.35,evening_peak
EV_b02904ad,ST001,2025-04-01 17:07:55,2025-04-02 13:46:29,94.0,24.98,94.0,7,64.88,9.27,11.37,evening_peak
EV_5b49930f,ST018,2025-04-01 17:08:02,2025-04-02 05:47:52,74.07,37.93,89.48,11,38.18,3.47,9.19,evening_peak
EV_aed54637,ST016,2025-04-01 17:08:03,2025-04-02 07:23:14,83.52,28.21,80.87,11,43.98,4.0,10.25,evening_peak
EV_f6ac0d5e,ST011,2025-04-01 17:08:18,2025-04-02 03:13:07,66.54,54.56,83.68,50,19.38,0.39,9.69,evening_peak
EV_53954c42,ST018,2025-04-01 17:09:04,2025-04-02 05:47:06,54.79,32.63,86.78,11,29.66,2.7,9.94,evening_peak
EV_a8859555,ST013,2025-04-01 17:09:21,2025-04-02 07:36:07,78.57,19.9,97.72,22,61.14,2.78,11.67,evening_peak
EV_94f0f4af,ST005,2025-04-01 17:09:29,2025-04-02 04:56:01,93.18,58.52,99.61,50,38.29,0.77,11.01,evening_peak
EV_9707011c,ST004,2025-04-01 17:09:42,2025-04-02 09:55:37,70.14,17.46,98.27,7,56.68,8.1,8.67,evening_peak
EV_1282233b,ST015,2025-04-01 17:10:14,2025-04-02 08:56:15,87.52,22.76,83.03,7,52.75,7.54,8.23,evening_peak
EV_428ec278,ST020,2025-04-01 17:10:51,2025-04-02 06:02:34,52.04,47.17,82.73,11,18.5,1.68,11.18,evening_peak
EV_e078ee4c,ST019,2025-04-01 17:11:06,2025-04-02 05:26:59,67.58,50.31,86.54,7,24.48,3.5,8.77,evening_peak
EV_daafee04,ST015,2025-04-01 17:11:16,2025-04-02 10:34:00,88.09,27.99,84.72,7,49.97,7.14,10.24,evening_peak
EV_e7bc7db7,ST008,2025-04-01 17:11:28,2025-04-02 10:45:53,78.4,22.26,89.38,7,52.62,7.52,10.06,evening_peak
EV_0aeae797,ST011,2025-04-01 17:11:47,2025-04-02 08:01:12,51.69,21.18,88.03,7,34.56,4.94,9.89,evening_peak
EV_197f2804,ST006,2025-04-01 17:12:37,2025-04-02 05:56:07,74.64,55.66,90.55,7,26.04,3.72,9.0,evening_peak
EV_0c5d2d68,ST008,2025-04-01 17:12:38,2025-04-02 05:50:03,45.86,59.95,92.43,11,14.9,1.35,11.27,evening_peak
EV_6e9a21a7,ST003,2025-04-01 17:13:47,2025-04-02 08:36:54,87.7,42.44,84.56,7,36.94,5.28,10.11,evening_peak
EV_36a63e59,ST007,2025-04-01 17:13:47,2025-04-02 05:42:01,59.42,30.88,88.47,11,34.22,3.11,9.36,evening_peak
EV_05389a26,ST015,2025-04-01 17:13:57,2025-04-02 06:55:49,57.78,53.48,96.78,7,25.02,3.57,10.12,evening_peak
EV_1f9dc802,ST017,2025-04-01 17:14:18,2025-04-02 03:16:59,63.86,48.75,83.83,11,22.4,2.04,8.01,evening_peak
EV_4b105b5d,ST014,2025-04-01 17:14:27,2025-04-02 08:02:33,82.06,46.08,93.11,7,38.59,5.51,9.29,evening_peak
EV_eb9f0067,ST016,2025-04-01 17:14:41,2025-04-02 05:58:32,61.93,56.91,99.18,11,26.18,2.38,10.35,evening_peak
EV_2403b6fb,ST004,2025-04-01 17:14:51,2025-04-02 03:56:07,43.94,52.5,86.29,7,14.85,2.12,8.57,evening_peak
EV_cf45f7d6,ST004,2025-04-01 17:15:28,2025-04-02 02:37:23,32.55,50.87,83.14,22,10.5,0.48,8.89,evening_peak
EV_da26f036,ST013,2025-04-01 17:15:54,2025-04-02 03:36:42,44.52,55.75,92.85,11,16.52,1.5,8.85,evening_peak
EV_1d5075ee,ST004,2025-04-01 17:16:27,2025-04-02 06:21:40,86.74,16.18,98.28,22,71.21,3.24,9.85,evening_peak
EV_db64ef22,ST009,2025-04-01 17:16:48,2025-04-02 04:56:52,81.04,42.9,90.66,50,38.71,0.77,10.89,evening_peak
EV_b56eaad4,ST011,2025-04-01 17:16:54,2025-04-02 03:13:22,31.08,54.39,98.59,50,13.74,0.27,9.67,evening_peak
EV_1c061351,ST020,2025-04-01 17:17:02,2025-04-02 08:02:35,73.59,11.09,95.98,11,62.47,5.68,9.08,evening_peak
EV_09748c44,ST016,2025-04-01 17:18:29,2025-04-02 09:46:43,79.57,40.76,83.72,7,34.18,4.88,11.59,evening_peak
EV_1f862209,ST009,2025-04-01 17:18:30,2025-04-02 13:33:55,98.55,17.25,85.21,7,66.97,9.57,10.69,evening_peak
EV_c90b1633,ST014,2025-04-01 17:18:36,2025-04-02 04:35:49,67.63,10.27,81.5,22,48.18,2.19,9.1,evening_peak
EV_535fc7db,ST005,2025-04-01 17:18:43,2025-04-02 09:01:26,63.02,15.81,91.54,11,47.73,4.34,11.37,evening_peak
EV_ba3ed0c9,ST001,2025-04-01 17:19:00,2025-04-02 07:27:58,67.64,43.66,90.55,7,31.71,4.53,9.62,evening_peak
EV_ddb1cb6d,ST005,2025-04-01 17:19:14,2025-04-02 06:26:27,52.21,46.27,89.72,11,22.68,2.06,11.06,evening_peak
EV_9acb3daf,ST011,2025-04-01 17:19:14,2025-04-02 13:01:36,93.99,35.63,95.94,7,56.68,8.1,11.61,evening_peak
EV_d3f0ffa3,ST007,2025-04-01 17:20:42,2025-04-02 07:26:29,81.64,50.82,98.18,11,38.67,3.52,10.58,evening_peak
EV_5d04185a,ST013,2025-04-01 17:20:53,2025-04-02 03:58:45,52.38,56.06,86.7,7,16.05,2.29,8.34,evening_peak
EV_e52d3f7c,ST007,2025-04-01 17:21:44,2025-04-02 08:27:10,34.53,16.36,93.07,7,26.49,3.78,11.31,evening_peak
EV_e13ec5cf,ST008,2025-04-01 17:23:05,2025-04-02 08:55:19,75.44,46.54,97.44,7,38.4,5.49,10.05,evening_peak
EV_82939510,ST013,2025-04-01 17:24:00,2025-04-02 04:18:22,89.36,34.43,90.38,22,50.0,2.27,8.63,evening_peak
EV_e4f06731,ST002,2025-04-01 17:24:19,2025-04-02 02:09:42,37.26,41.96,100.0,50,21.62,0.43,8.32,evening_peak
EV_ae03ca8e,ST007,2025-04-01 17:25:17,2025-04-02 03:51:07,73.75,28.61,88.26,22,43.99,2.0,8.43,evening_peak
EV_28b0f383,ST019,2025-04-01 17:25:50,2025-04-02 05:33:25,36.55,30.56,81.04,7,18.45,2.64,9.49,evening_peak
EV_e0772ed5,ST001,2025-04-01 17:25:52,2025-04-02 03:44:23,88.88,38.56,88.19,22,44.11,2.0,8.3,evening_peak
EV_fcca4c75,ST008,2025-04-01 17:26:00,2025-04-02 07:24:23,75.5,16.0,90.42,22,56.19,2.55,11.42,evening_peak
EV_aeb04fa1,ST002,2025-04-01 17:26:58,2025-04-02 04:40:58,40.56,30.06,84.7,7,22.16,3.17,8.07,evening_peak
EV_edc1c21e,ST007,2025-04-01 17:28:38,2025-04-02 05:46:14,53.73,16.22,94.86,11,42.25,3.84,8.45,evening_peak
EV_1aca2c7c,ST017,2025-04-01 17:28:48,2025-04-02 12:15:40,99.94,13.95,92.47,11,78.47,7.13,11.65,evening_peak
EV_1d676589,ST009,2025-04-01 17:29:19,2025-04-02 08:28:29,36.3,20.45,96.45,7,27.59,3.94,11.04,evening_peak
EV_4b694e42,ST020,2025-04-01 17:29:32,2025-04-02 05:15:41,51.83,20.02,89.0,50,35.75,0.71,11.05,evening_peak
EV_e717bcc4,ST005,2025-04-01 17:29:35,2025-04-02 03:36:35,73.54,32.14,96.2,50,47.11,0.94,9.17,evening_peak
EV_1dd136f7,ST020,2025-04-01 17:29:53,2025-04-02 07:21:57,55.06,25.99,93.84,11,37.36,3.4,10.47,evening_peak
EV_261312ff,ST007,2025-04-01 17:30:28,2025-04-02 07:28:23,80.47,59.42,94.55,11,28.27,2.57,11.4,evening_peak
EV_00961396,ST018,2025-04-01 17:30:32,2025-04-02 05:12:38,43.65,54.95,88.52,7,14.66,2.09,9.61,evening_peak
EV_ab063981,ST005,2025-04-01 17:30:43,2025-04-02 05:03:36,85.27,34.69,88.2,22,45.62,2.07,9.47,evening_peak
EV_b5acd3a6,ST006,2025-04-01 17:30:53,2025-04-02 09:37:22,76.11,53.63,92.3,7,29.43,4.2,11.9,evening_peak
EV_f1e9b41e,ST002,2025-04-01 17:31:13,2025-04-02 06:02:25,58.39,15.72,92.66,50,44.92,0.9,11.62,evening_peak
EV_91a07c76,ST005,2025-04-01 17:31:17,2025-04-02 10:10:01,92.24,28.8,93.5,7,59.67,8.52,8.12,evening_peak
EV_0c4433cf,ST002,2025-04-01 17:31:44,2025-04-02 10:22:37,97.61,31.4,88.74,11,55.97,5.09,11.76,evening_peak
EV_6f5926fa,ST003,2025-04-01 17:32:33,2025-04-02 08:27:40,45.04,27.1,99.57,7,32.64,4.66,10.26,evening_peak
EV_3b583d8c,ST020,2025-04-01 17:32:40,2025-04-02 11:24:58,95.59,42.85,89.05,7,44.16,6.31,11.56,evening_peak
EV_ae9284d4,ST013,2025-04-01 17:32:51,2025-04-02 06:56:25,59.35,20.08,82.31,7,36.94,5.28,8.12,evening_peak
EV_ce250159,ST019,2025-04-01 17:33:14,2025-04-02 08:34:14,92.24,58.18,95.7,7,34.61,4.94,10.07,evening_peak
EV_e6d1401a,ST017,2025-04-01 17:34:03,2025-04-02 04:59:47,41.89,14.12,91.59,11,32.45,2.95,8.48,evening_peak
EV_c97f5706,ST015,2025-04-01 17:34:05,2025-04-02 05:52:15,63.08,15.93,88.09,11,45.52,4.14,8.16,evening_peak
EV_c0738a2a,ST013,2025-04-01 17:35:33,2025-04-02 04:21:53,97.38,34.16,93.43,22,57.72,2.62,8.15,evening_peak
EV_937960b9,ST015,2025-04-01 17:35:42,2025-04-02 03:47:48,56.26,43.31,93.75,22,28.38,1.29,8.91,evening_peak
EV_9e6bfc49,ST015,2025-04-01 17:35:44,2025-04-02 04:43:37,69.05,52.53,92.67,22,27.72,1.26,9.87,evening_peak
EV_c792ab15,ST019,2025-04-01 17:35:47,2025-04-02 05:22:19,31.02,39.27,99.35,7,18.64,2.66,9.11,evening_peak
EV_76e70ef8,ST009,2025-04-01 17:35:50,2025-04-02 08:23:22,64.29,47.82,84.77,7,23.75,3.39,11.4,evening_peak
EV_96c785f6,ST010,2025-04-01 17:36:36,2025-04-02 04:55:19,59.73,41.27,80.58,22,23.48,1.07,10.24,evening_peak
EV_51fe3e80,ST016,2025-04-01 17:36:50,2025-04-02 03:30:58,50.59,49.15,89.51,22,20.42,0.93,8.97,evening_peak
EV_2ef00a53,ST005,2025-04-01 17:37:05,2025-04-02 07:17:19,68.95,24.6,96.47,11,49.56,4.51,9.17,evening_peak
EV_9161732b,ST007,2025-04-01 17:37:14,2025-04-02 05:14:08,49.57,21.36,93.11,11,35.57,3.23,8.38,evening_peak
EV_01cc9710,ST006,2025-04-01 17:38:05,2025-04-02 05:01:48,63.2,52.56,85.0,7,20.5,2.93,8.47,evening_peak
EV_45fa429a,ST001,2025-04-01 17:38:36,2025-04-02 08:32:50,65.74,36.14,97.67,7,40.45,5.78,9.13,evening_peak
EV_0b6f8b4e,ST016,2025-04-01 17:38:44,2025-04-02 05:41:01,37.91,21.96,82.79,7,23.06,3.29,8.74,evening_peak
EV_077f3a8d,ST005,2025-04-01 17:39:02,2025-04-02 08:16:13,54.38,54.78,94.72,7,21.72,3.1,11.52,evening_peak
EV_59b8c8e4,ST020,2025-04-01 17:39:47,2025-04-02 05:42:57,55.2,36.89,87.53,7,27.95,3.99,8.06,evening_peak
EV_7be6dd12,ST013,2025-04-01 17:42:25,2025-04-02 07:21:43,76.2,25.35,94.89,11,52.99,4.82,8.84,evening_peak
EV_7ec687b3,ST007,2025-04-01 17:43:18,2025-04-02 08:30:42,48.31,41.6,83.0,7,20.0,2.86,11.93,evening_peak
EV_77ac355d,ST006,2025-04-01 17:43:48,2025-04-02 08:06:31,52.4,16.76,81.62,7,33.99,4.86,9.52,evening_peak
EV_8c0df4a0,ST017,2025-04-01 17:43:51,2025-04-02 04:19:22,48.51,56.24,89.15,11,15.97,1.45,9.14,evening_peak
EV_23d09da3,ST018,2025-04-01 17:44:09,2025-04-02 07:43:50,49.84,17.7,93.43,7,37.75,5.39,8.6,evening_peak
EV_e3ccb2d5,ST004,2025-04-01 17:45:21,2025-04-02 06:49:25,81.55,43.9,86.55,11,34.78,3.16,9.91,evening_peak
EV_bb647ff7,ST003,2025-04-01 17:45:21,2025-04-02 07:21:55,70.92,46.3,93.5,7,33.47,4.78,8.83,evening_peak
EV_9597bbb4,ST011,2025-04-01 17:45:47,2025-04-02 09:26:22,78.79,31.45,99.3,11,53.46,4.86,10.82,evening_peak
EV_93dff1a5,ST002,2025-04-01 17:45:54,2025-04-02 07:12:37,37.09,24.1,88.06,11,23.72,2.16,11.29,evening_peak
EV_41366b6c,ST006,2025-04-01 17:47:04,2025-04-02 10:28:17,91.86,23.56,95.76,11,66.32,6.03,10.66,evening_peak
EV_565fe20b,ST015,2025-04-01 17:47:12,2025-04-02 04:07:47,44.36,41.63,92.81,11,22.7,2.06,8.28,evening_peak
EV_058e5e06,ST010,2025-04-01 17:47:12,2025-04-02 11:57:48,91.39,18.69,94.52,11,69.3,6.3,11.88,evening_peak
EV_4fa181c6,ST013,2025-04-01 17:47:25,2025-04-02 02:51:10,43.29,46.57,81.17,22,14.98,0.68,8.38,evening_peak
EV_b152c899,ST018,2025-04-01 17:47:33,2025-04-02 13:46:06,86.06,23.32,95.49,7,62.11,8.87,11.1,evening_peak
EV_a35990fc,ST009,2025-04-01 17:48:49,2025-04-02 05:49:24,52.76,42.87,86.9,11,23.23,2.11,9.9,evening_peak
EV_ab5c1251,ST009,2025-04-01 17:49:36,2025-04-02 05:07:22,60.75,52.32,88.26,50,21.84,0.44,10.86,evening_peak
EV_68f2b479,ST003,2025-04-01 17:49:48,2025-04-02 04:34:43,46.52,32.04,95.24,11,29.4,2.67,8.08,evening_peak
EV_06f74723,ST004,2025-04-01 17:50:50,2025-04-02 04:56:34,64.98,58.65,92.99,22,22.32,1.01,10.08,evening_peak
EV_8b1483d0,ST012,2025-04-01 17:51:52,2025-04-02 08:02:02,86.09,46.39,90.47,7,37.94,5.42,8.75,evening_peak
EV_118c54b2,ST015,2025-04-01 17:52:15,2025-04-02 10:12:37,70.17,24.78,99.19,7,52.22,7.46,8.88,evening_peak
EV_ab2c2033,ST008,2025-04-01 17:52:27,2025-04-02 06:00:55,39.51,49.66,99.49,11,19.69,1.79,10.35,evening_peak
EV_9d28d0b1,ST014,2025-04-01 17:52:35,2025-04-02 06:09:10,54.31,26.1,86.81,22,32.97,1.5,10.78,evening_peak
EV_e6799b5c,ST015,2025-04-01 17:53:14,2025-04-02 12:32:44,86.56,35.44,89.66,7,46.93,6.7,11.95,evening_peak
EV_7be2d85b,ST005,2025-04-01 17:53:21,2025-04-02 06:12:28,43.94,21.47,82.4,11,26.77,2.43,9.88,evening_peak
EV_87b9aa0e,ST001,2025-04-01 17:53:36,2025-04-02 04:21:02,38.79,56.76,91.07,22,13.31,0.61,9.85,evening_peak
EV_cd6571c9,ST016,2025-04-01 17:53:38,2025-04-02 10:42:44,81.75,56.73,98.58,7,34.2,4.89,11.93,evening_peak
EV_fd25a1b1,ST003,2025-04-01 17:53:55,2025-04-02 06:00:08,83.85,56.22,82.98,7,22.44,3.21,8.9,evening_peak
EV_e8eca52f,ST020,2025-04-01 17:54:08,2025-04-02 03:09:42,33.21,58.2,82.91,22,8.21,0.37,8.89,evening_peak
EV_c13e8ebb,ST007,2025-04-01 17:54:19,2025-04-02 07:08:55,90.36,48.94,92.74,22,39.58,1.8,11.44,evening_peak
EV_6d70c2cd,ST004,2025-04-01 17:55:26,2025-04-02 08:24:52,64.64,45.74,94.48,11,31.5,2.86,11.63,evening_peak
EV_294c5b5b,ST019,2025-04-01 17:55:50,2025-04-02 10:24:10,88.99,30.57,96.85,11,58.99,5.36,11.11,evening_peak
EV_d13c55de,ST005,2025-04-01 17:56:05,2025-04-02 05:50:35,41.24,17.69,94.59,22,31.71,1.44,10.47,evening_peak
EV_e435a0f2,ST010,2025-04-01 17:56:53,2025-04-02 07:16:47,71.5,44.34,84.73,11,28.88,2.63,10.71,evening_peak
EV_a56867bd,ST001,2025-04-01 17:57:29,2025-04-02 07:45:04,62.05,36.57,88.08,11,31.96,2.91,10.89,evening_peak
EV_cbdaa062,ST019,2025-04-01 17:57:49,2025-04-02 08:17:29,50.98,41.71,91.05,7,25.15,3.59,10.73,evening_peak
EV_2fdc9012,ST019,2025-04-01 17:58:22,2025-04-02 04:35:48,93.39,51.73,85.68,22,31.71,1.44,9.18,evening_peak
EV_0d928a63,ST009,2025-04-01 17:58:49,2025-04-02 06:30:01,32.25,55.53,99.08,11,14.04,1.28,11.24,evening_peak
EV_2cfeac8a,ST010,2025-04-01 17:58:53,2025-04-02 07:39:14,61.15,25.7,80.29,11,33.38,3.03,10.64,evening_peak
EV_6d41f490,ST015,2025-04-01 17:58:57,2025-04-02 06:33:30,73.16,39.74,96.53,11,41.55,3.78,8.8,evening_peak
EV_75c5cbba,ST008,2025-04-01 17:59:06,2025-04-02 10:23:27,79.63,28.47,85.5,7,45.41,6.49,9.92,evening_peak
EV_7e03d2cc,ST006,2025-04-01 17:59:43,2025-04-02 06:43:04,60.3,55.38,98.77,7,26.17,3.74,8.98,evening_peak
EV_292add67,ST010,2025-04-01 17:59:53,2025-04-02 09:09:33,60.3,15.36,83.2,11,40.91,3.72,11.44,evening_peak
EV_756f8e2b,ST014,2025-04-01 18:00:12,2025-04-02 09:11:36,69.11,24.22,86.96,11,43.36,3.94,11.25,evening_peak
EV_ab519c43,ST003,2025-04-01 18:02:16,2025-04-02 06:37:53,33.46,33.14,83.09,11,16.71,1.52,11.07,evening_peak
EV_e1cd1755,ST015,2025-04-01 18:02:59,2025-04-02 08:57:50,93.55,21.34,88.56,11,62.88,5.72,9.2,evening_peak
EV_e86c1112,ST020,2025-04-01 18:03:03,2025-04-02 06:27:16,42.08,19.28,86.07,7,28.1,4.01,8.39,evening_peak
EV_f92f0179,ST013,2025-04-01 18:03:09,2025-04-02 06:46:49,73.61,34.55,99.61,11,47.89,4.35,8.37,evening_peak
EV_075f96c9,ST002,2025-04-01 18:03:51,2025-04-02 09:54:59,96.42,41.2,93.49,7,50.42,7.2,8.65,evening_peak
EV_c01fcb5e,ST014,2025-04-01 18:03:55,2025-04-02 09:56:03,76.73,53.08,92.87,7,30.53,4.36,11.51,evening_peak
EV_b5404eda,ST009,2025-04-01 18:04:02,2025-04-02 05:36:36,40.4,56.49,95.29,22,15.68,0.71,10.83,evening_peak
EV_288632b0,ST011,2025-04-01 18:05:30,2025-04-02 05:00:39,30.39,21.52,81.73,7,18.3,2.61,8.31,evening_peak
EV_912bba08,ST001,2025-04-01 18:06:28,2025-04-02 07:59:26,91.1,55.75,87.21,7,28.66,4.09,9.79,evening_peak
EV_316f468c,ST016,2025-04-01 18:07:26,2025-04-02 07:30:01,61.39,31.76,94.44,11,38.48,3.5,9.88,evening_peak
EV_bd64b706,ST014,2025-04-01 18:08:08,2025-04-02 12:44:00,73.82,14.39,91.84,7,57.17,8.17,10.43,evening_peak
EV_f28424d5,ST002,2025-04-01 18:09:22,2025-04-02 06:54:11,67.62,19.24,90.72,11,48.33,4.39,8.35,evening_peak
EV_a0f63992,ST011,2025-04-01 18:09:40,2025-04-02 04:54:31,62.34,47.12,86.13,11,24.32,2.21,8.54,evening_peak
EV_a836f7b5,ST012,2025-04-01 18:10:44,2025-04-02 03:47:46,57.49,48.69,95.8,22,27.09,1.23,8.39,evening_peak
EV_7d2585f5,ST001,2025-04-01 18:10:57,2025-04-02 06:13:43,33.98,50.39,88.26,50,12.87,0.26,11.79,evening_peak
EV_27142bcb,ST002,2025-04-01 18:11:05,2025-04-02 15:15:09,99.3,20.41,88.22,7,67.34,9.62,11.45,evening_peak
EV_f3ca9ba6,ST004,2025-04-01 18:11:51,2025-04-02 10:35:37,99.4,43.42,98.26,11,54.51,4.96,11.44,evening_peak
EV_31150265,ST018,2025-04-01 18:12:06,2025-04-02 04:43:03,49.1,17.06,97.29,50,39.39,0.79,9.73,evening_peak
EV_650918b1,ST014,2025-04-01 18:12:42,2025-04-02 08:22:12,42.93,43.03,86.19,7,18.53,2.65,11.51,evening_peak
EV_82a6850e,ST014,2025-04-01 18:12:47,2025-04-02 09:00:02,75.3,53.17,91.2,7,28.64,4.09,10.7,evening_peak
EV_3ff6ae6a,ST011,2025-04-01 18:12:53,2025-04-02 06:44:32,33.1,13.77,95.63,11,27.1,2.46,10.06,evening_peak
EV_0f40889f,ST014,2025-04-01 18:13:20,2025-04-02 06:19:44,90.95,40.44,82.72,11,38.45,3.5,8.61,evening_peak
EV_81bbb2e0,ST006,2025-04-01 18:13:41,2025-04-02 07:06:17,83.74,58.79,96.88,7,31.9,4.56,8.32,evening_peak
EV_1905876f,ST013,2025-04-01 18:13:50,2025-04-02 05:32:52,59.66,51.09,86.02,22,20.84,0.95,10.37,evening_peak
EV_a46b1436,ST001,2025-04-01 18:14:01,2025-04-02 04:54:05,32.31,10.28,89.38,22,25.56,1.16,9.51,evening_peak
EV_ef2a00c0,ST008,2025-04-01 18:14:09,2025-04-02 11:02:24,55.51,25.15,97.91,7,40.39,5.77,11.03,evening_peak
EV_fadb822d,ST013,2025-04-01 18:14:27,2025-04-02 06:08:22,45.77,16.72,92.27,22,34.58,1.57,10.33,evening_peak
EV_99d7a976,ST019,2025-04-01 18:15:30,2025-04-02 07:41:20,38.21,35.57,87.76,7,19.94,2.85,10.58,evening_peak
EV_c5f3671d,ST005,2025-04-01 18:15:51,2025-04-02 07:33:43,86.86,41.16,82.75,7,36.13,5.16,8.14,evening_peak
EV_b4ee97a3,ST007,2025-04-01 18:16:30,2025-04-02 07:28:27,53.78,37.92,94.5,7,30.43,4.35,8.85,evening_peak
EV_ea95a098,ST003,2025-04-01 18:16:40,2025-04-02 11:37:51,91.78,35.26,99.47,7,58.93,8.42,8.94,evening_peak
EV_6bda5caa,ST020,2025-04-01 18:17:04,2025-04-02 06:26:10,35.03,19.56,98.99,22,27.83,1.26,10.89,evening_peak
EV_1f0c4def,ST005,2025-04-01 18:17:26,2025-04-02 07:36:36,51.51,21.8,93.23,11,36.79,3.34,9.97,evening_peak
EV_b4be5535,ST007,2025-04-01 18:17:53,2025-04-02 07:22:25,78.17,40.57,98.59,22,45.35,2.06,11.01,evening_peak
EV_e2d4feb3,ST002,2025-04-01 18:18:01,2025-04-02 06:37:22,45.02,36.77,80.97,22,19.9,0.9,11.42,evening_peak
EV_78c1b135,ST007,2025-04-01 18:18:14,2025-04-02 07:32:22,78.29,40.28,92.82,22,41.14,1.87,11.37,evening_peak
EV_82aabb1c,ST015,2025-04-01 18:18:37,2025-04-02 09:37:05,89.05,17.65,84.14,11,59.21,5.38,9.92,evening_peak
EV_851e2e21,ST008,2025-04-01 18:18:55,2025-04-02 09:47:25,55.89,30.31,99.61,11,38.73,3.52,11.95,evening_peak
EV_b3050b35,ST005,2025-04-01 18:19:47,2025-04-02 08:25:16,62.7,42.61,92.12,7,31.04,4.43,9.66,evening_peak
EV_10747903,ST004,2025-04-01 18:19:53,2025-04-02 03:41:26,30.77,19.31,99.32,22,24.61,1.12,8.24,evening_peak
EV_d7a598ce,ST007,2025-04-01 18:20:06,2025-04-02 09:17:26,63.72,29.5,81.42,11,33.08,3.01,11.95,evening_peak
EV_721e0fc2,ST007,2025-04-01 18:20:08,2025-04-02 06:38:32,77.84,58.84,97.6,11,30.17,2.74,9.56,evening_peak
EV_8a7db0da,ST018,2025-04-01 18:20:14,2025-04-02 08:45:17,70.56,24.34,87.14,11,44.3,4.03,10.39,evening_peak
EV_0288a37f,ST013,2025-04-01 18:20:17,2025-04-02 10:29:54,99.91,22.42,88.8,11,66.31,6.03,10.13,evening_peak
EV_56bc034b,ST015,2025-04-01 18:20:28,2025-04-02 08:50:00,80.41,54.32,80.78,7,21.28,3.04,11.45,evening_peak
EV_e3459e8a,ST004,2025-04-01 18:21:42,2025-04-02 06:10:49,80.12,52.08,84.9,7,26.29,3.76,8.06,evening_peak
EV_93d37f08,ST010,2025-04-01 18:22:12,2025-04-02 05:44:35,50.22,56.4,87.05,7,15.39,2.2,9.17,evening_peak
EV_3d726ba8,ST004,2025-04-01 18:24:16,2025-04-02 03:46:26,38.52,54.88,82.44,50,10.62,0.21,9.16,evening_peak
EV_1a546315,ST008,2025-04-01 18:24:21,2025-04-02 12:41:49,83.73,27.37,97.51,7,58.73,8.39,9.9,evening_peak
EV_794bb4f0,ST001,2025-04-01 18:25:36,2025-04-02 06:03:20,36.42,44.72,98.24,7,19.49,2.78,8.84,evening_peak
EV_c17713b0,ST002,2025-04-01 18:26:17,2025-04-02 07:14:58,70.5,41.35,81.95,7,28.62,4.09,8.72,evening_peak
EV_b9681c44,ST019,2025-04-01 18:26:18,2025-04-02 09:19:54,93.43,28.44,81.42,11,49.5,4.5,10.39,evening_peak
EV_2371aa06,ST017,2025-04-01 18:26:38,2025-04-02 10:29:03,84.0,18.03,81.61,7,53.4,7.63,8.41,evening_peak
EV_482b171a,ST013,2025-04-01 18:27:14,2025-04-02 06:06:24,54.53,57.66,90.57,11,17.95,1.63,10.02,evening_peak
EV_9a3c4f42,ST011,2025-04-01 18:27:28,2025-04-02 10:13:57,89.54,48.03,89.58,7,37.2,5.31,10.46,evening_peak
EV_cdba134b,ST011,2025-04-01 18:27:38,2025-04-02 10:19:20,96.31,10.07,85.8,11,72.94,6.63,9.23,evening_peak
EV_25be0b5e,ST001,2025-04-01 18:27:58,2025-04-02 08:44:48,71.31,21.92,95.9,11,52.75,4.8,9.48,evening_peak
EV_f146a0b1,ST012,2025-04-01 18:28:10,2025-04-02 08:31:15,79.12,56.56,82.16,7,20.26,2.89,11.16,evening_peak
EV_194d1c93,ST016,2025-04-01 18:28:13,2025-04-02 11:25:27,71.86,30.66,84.31,7,38.55,5.51,11.45,evening_peak
EV_f4191641,ST001,2025-04-01 18:28:51,2025-04-02 09:58:29,89.97,29.92,98.14,11,61.38,5.58,9.91,evening_peak
EV_a05a74ed,ST008,2025-04-01 18:29:04,2025-04-02 05:06:20,40.19,48.8,93.98,11,18.16,1.65,8.97,evening_peak
EV_597d7965,ST010,2025-04-01 18:30:26,2025-04-02 05:07:35,45.79,33.99,81.3,11,21.66,1.97,8.65,evening_peak
EV_c0221abc,ST020,2025-04-01 18:30:36,2025-04-02 04:52:07,54.95,51.71,80.52,7,15.83,2.26,8.1,evening_peak
EV_50f825b5,ST002,2025-04-01 18:30:50,2025-04-02 10:19:52,81.77,22.96,92.74,11,57.05,5.19,10.63,evening_peak
EV_30c9d8b3,ST010,2025-04-01 18:31:30,2025-04-02 08:28:31,79.87,55.27,98.33,7,34.39,4.91,9.04,evening_peak
EV_e0d8e9d3,ST009,2025-04-01 18:31:51,2025-04-02 05:46:01,74.37,43.96,86.21,22,31.42,1.43,9.81,evening_peak
EV_046137e6,ST016,2025-04-01 18:32:57,2025-04-02 11:17:30,72.61,29.35,88.32,7,42.81,6.12,10.63,evening_peak
EV_03015503,ST006,2025-04-01 18:34:06,2025-04-02 06:58:47,66.91,21.72,86.85,11,43.58,3.96,8.45,evening_peak
EV_83204042,ST017,2025-04-01 18:34:32,2025-04-02 09:02:04,56.94,15.69,93.48,7,44.29,6.33,8.13,evening_peak
EV_f1668313,ST011,2025-04-01 18:34:35,2025-04-02 05:56:21,70.06,14.68,98.31,22,58.59,2.66,8.7,evening_peak
EV_bb307260,ST006,2025-04-01 18:35:08,2025-04-02 05:05:38,93.62,51.1,84.54,50,31.31,0.63,9.88,evening_peak
EV_15f10ad0,ST006,2025-04-01 18:35:41,2025-04-02 06:02:32,91.62,55.9,91.0,11,32.16,2.92,8.52,evening_peak
EV_99f1128c,ST018,2025-04-01 18:36:40,2025-04-02 07:14:02,93.25,38.27,88.33,11,46.68,4.24,8.38,evening_peak
EV_06946ad0,ST014,2025-04-01 18:37:02,2025-04-02 06:25:22,39.8,50.71,88.85,11,15.18,1.38,10.43,evening_peak
EV_9fad640f,ST014,2025-04-01 18:37:12,2025-04-02 05:52:15,78.81,44.1,86.12,22,33.12,1.51,9.75,evening_peak
EV_982f32f9,ST011,2025-04-01 18:37:24,2025-04-02 06:39:07,32.65,36.4,81.98,22,14.88,0.68,11.35,evening_peak
EV_fb0a75fe,ST005,2025-04-01 18:37:46,2025-04-02 10:33:37,82.81,52.2,86.31,7,28.24,4.03,11.9,evening_peak
EV_597f5146,ST018,2025-04-01 18:37:57,2025-04-02 09:23:23,76.04,47.48,90.12,7,32.42,4.63,10.13,evening_peak
EV_85d57ec1,ST009,2025-04-01 18:38:24,2025-04-02 03:58:37,60.68,42.83,83.61,22,24.75,1.12,8.21,evening_peak
EV_b4d2c9cc,ST020,2025-04-01 18:38:38,2025-04-02 07:20:11,88.74,57.21,83.16,7,23.03,3.29,9.4,evening_peak
EV_e9ccee5e,ST011,2025-04-01 18:39:24,2025-04-02 07:03:11,59.05,59.68,96.67,22,21.84,0.99,11.4,evening_peak
EV_e1aad063,ST014,2025-04-01 18:39:38,2025-04-02 05:49:14,59.19,55.33,90.32,22,20.71,0.94,10.22,evening_peak
EV_c54f027c,ST003,2025-04-01 18:40:08,2025-04-02 11:45:29,77.13,45.77,92.87,7,36.33,5.19,11.9,evening_peak
EV_c4fa1f33,ST003,2025-04-01 18:40:20,2025-04-02 06:39:39,95.66,32.11,82.19,22,47.91,2.18,9.81,evening_peak
EV_ba864924,ST020,2025-04-01 18:40:28,2025-04-02 08:25:58,90.32,39.18,80.02,7,36.88,5.27,8.49,evening_peak
EV_040580a0,ST015,2025-04-01 18:40:36,2025-04-02 06:01:35,42.62,48.73,91.67,50,18.3,0.37,10.98,evening_peak
EV_56a63a2d,ST019,2025-04-01 18:40:55,2025-04-02 06:45:22,70.39,58.47,92.36,22,23.86,1.08,10.99,evening_peak
EV_c73e0be2,ST002,2025-04-01 18:41:29,2025-04-02 08:58:51,97.71,43.93,98.55,22,53.36,2.43,11.86,evening_peak
EV_44a40eca,ST015,2025-04-01 18:42:26,2025-04-02 09:52:31,39.59,10.25,84.9,7,29.56,4.22,10.95,evening_peak
EV_ae74388a,ST013,2025-04-01 18:42:31,2025-04-02 09:14:59,74.22,38.58,90.18,7,38.3,5.47,9.07,evening_peak
EV_16693ab8,ST007,2025-04-01 18:43:04,2025-04-02 07:27:32,38.52,12.4,94.26,22,31.54,1.43,11.31,evening_peak
EV_0809afde,ST001,2025-04-01 18:43:11,2025-04-02 08:29:16,81.63,44.25,82.79,7,31.46,4.49,9.27,evening_peak
EV_b0c98c16,ST011,2025-04-01 18:43:53,2025-04-02 09:46:02,67.63,54.61,88.82,7,23.14,3.31,11.73,evening_peak
EV_40041b9e,ST014,2025-04-01 18:44:09,2025-04-02 06:19:44,31.77,21.04,98.31,22,24.55,1.12,10.48,evening_peak
EV_4eaf471e,ST018,2025-04-01 18:44:36,2025-04-02 04:54:22,68.14,51.66,94.65,22,29.29,1.33,8.83,evening_peak
EV_575fbedf,ST002,2025-04-01 18:44:46,2025-04-02 06:37:48,50.06,42.52,91.36,22,24.45,1.11,10.77,evening_peak
EV_6fec8226,ST019,2025-04-01 18:44:57,2025-04-02 14:39:38,98.8,34.12,96.64,7,61.78,8.83,11.09,evening_peak
EV_109d4854,ST008,2025-04-01 18:45:08,2025-04-02 08:53:19,79.81,57.17,99.87,11,34.08,3.1,11.04,evening_peak
EV_9bbcc51c,ST019,2025-04-01 18:45:51,2025-04-02 07:36:51,49.55,14.39,82.71,22,33.85,1.54,11.31,evening_peak
EV_6d12d204,ST018,2025-04-01 18:46:09,2025-04-02 09:48:48,93.27,29.18,87.97,11,54.84,4.99,10.06,evening_peak
EV_8cbd6057,ST009,2025-04-01 18:46:41,2025-04-02 05:58:08,91.04,34.56,98.61,50,58.32,1.17,10.02,evening_peak
EV_a582a786,ST020,2025-04-01 18:46:57,2025-04-02 10:28:58,57.4,10.14,99.76,11,51.44,4.68,11.02,evening_peak
EV_bdaf9bec,ST016,2025-04-01 18:47:00,2025-04-02 06:09:35,96.15,24.25,90.39,50,63.6,1.27,10.1,evening_peak
EV_428a2202,ST009,2025-04-01 18:47:20,2025-04-02 12:51:09,83.49,16.07,94.93,7,65.83,9.4,8.66,evening_peak
EV_db55590d,ST005,2025-04-01 18:47:40,2025-04-02 08:08:34,74.2,43.17,92.62,7,36.7,5.24,8.11,evening_peak
EV_c1806896,ST007,2025-04-01 18:48:11,2025-04-02 07:58:10,82.59,24.4,87.1,22,51.79,2.35,10.81,evening_peak
EV_e63cfffd,ST012,2025-04-01 18:49:37,2025-04-02 05:22:29,34.05,49.16,88.41,7,13.37,1.91,8.64,evening_peak
EV_b5f7676e,ST010,2025-04-01 18:49:43,2025-04-02 06:32:05,81.63,53.94,86.64,11,26.69,2.43,9.28,evening_peak
EV_417d1b40,ST020,2025-04-01 18:50:00,2025-04-02 08:59:51,51.18,29.65,91.64,11,31.72,2.88,11.28,evening_peak
EV_81db7bf8,ST018,2025-04-01 18:50:01,2025-04-02 09:05:39,88.76,11.77,83.66,22,63.81,2.9,11.36,evening_peak
EV_7263478e,ST008,2025-04-01 18:50:43,2025-04-02 09:37:48,52.4,56.06,99.23,7,22.62,3.23,11.55,evening_peak
EV_04203efa,ST010,2025-04-01 18:51:02,2025-04-02 11:00:51,90.31,50.15,92.47,7,38.22,5.46,10.7,evening_peak
EV_abac1fff,ST016,2025-04-01 18:51:08,2025-04-02 07:25:56,90.86,41.43,98.09,22,51.48,2.34,10.24,evening_peak
EV_a90b1374,ST012,2025-04-01 18:51:31,2025-04-02 05:19:52,84.4,55.5,84.32,50,24.32,0.49,9.99,evening_peak
EV_0702ac86,ST011,2025-04-01 18:52:14,2025-04-02 05:11:24,67.71,28.02,85.45,22,38.88,1.77,8.55,evening_peak
EV_2953e4af,ST008,2025-04-01 18:52:33,2025-04-02 11:31:53,57.82,16.76,96.76,7,46.25,6.61,10.05,evening_peak
EV_f00607ba,ST019,2025-04-01 18:52:41,2025-04-02 08:59:15,57.43,43.2,96.9,11,30.84,2.8,11.31,evening_peak
EV_197bdb56,ST004,2025-04-01 18:53:10,2025-04-02 09:11:35,84.83,31.76,92.89,11,51.86,4.71,9.59,evening_peak
EV_a79a34b4,ST010,2025-04-01 18:54:32,2025-04-02 12:42:10,59.27,10.3,89.52,7,46.95,6.71,11.09,evening_peak
EV_0ce707dc,ST018,2025-04-01 18:54:39,2025-04-02 07:18:36,96.38,58.06,93.21,50,33.87,0.68,11.72,evening_peak
EV_2ff24ab6,ST006,2025-04-01 18:55:59,2025-04-02 07:32:20,46.33,48.78,96.39,11,22.05,2.0,10.6,evening_peak
EV_80cab693,ST002,2025-04-01 18:57:01,2025-04-02 06:30:05,56.78,30.9,99.4,11,38.89,3.54,8.02,evening_peak
EV_e15eb220,ST019,2025-04-01 18:57:13,2025-04-02 10:56:34,84.14,37.18,87.99,7,42.75,6.11,9.88,evening_peak
EV_5255beda,ST011,2025-04-01 18:57:23,2025-04-02 04:52:38,40.58,35.77,92.04,22,22.83,1.04,8.88,evening_peak
EV_950f088b,ST015,2025-04-01 18:57:59,2025-04-02 11:29:13,67.16,42.67,99.99,7,38.5,5.5,11.02,evening_peak
EV_1811d4d2,ST004,2025-04-01 18:58:02,2025-04-02 08:57:12,57.17,56.38,83.96,7,15.77,2.25,11.73,evening_peak
EV_942c42ed,ST019,2025-04-01 18:58:04,2025-04-02 07:19:16,78.91,45.89,90.21,11,34.97,3.18,9.17,evening_peak
EV_53c0aade,ST011,2025-04-01 18:58:36,2025-04-02 07:13:51,32.16,25.7,89.08,22,20.38,0.93,11.33,evening_peak
EV_febcdfa2,ST013,2025-04-01 18:59:09,2025-04-02 15:59:34,99.74,10.63,91.59,7,80.76,11.54,9.47,evening_peak
EV_fce3de4c,ST001,2025-04-01 18:59:38,2025-04-02 05:13:07,75.12,49.32,90.45,50,30.89,0.62,9.61,evening_peak
EV_226b7646,ST005,2025-04-01 18:59:53,2025-04-02 06:53:19,43.4,40.45,92.02,11,22.38,2.03,9.86,evening_peak
EV_ebcd532e,ST013,2025-04-01 19:00:08,2025-04-02 10:21:39,71.94,42.46,93.75,7,36.91,5.27,10.09,evening_peak
EV_819b8fb1,ST003,2025-04-01 19:00:33,2025-04-02 09:40:02,74.8,36.88,87.28,7,37.7,5.39,9.27,evening_peak
EV_fabc76be,ST005,2025-04-01 19:00:35,2025-04-02 04:45:04,38.05,46.06,82.36,11,13.81,1.26,8.49,evening_peak
EV_f650e832,ST012,2025-04-01 19:00:37,2025-04-02 11:14:43,46.74,23.3,93.22,7,32.68,4.67,11.57,evening_peak
EV_b3a539ab,ST011,2025-04-01 19:00:43,2025-04-02 06:28:17,94.55,39.39,80.43,50,38.8,0.78,10.68,evening_peak
EV_1593a144,ST013,2025-04-01 19:00:59,2025-04-02 04:25:42,41.28,56.3,95.39,22,16.14,0.73,8.68,evening_peak
EV_ab4a743f,ST017,2025-04-01 19:01:18,2025-04-02 10:01:39,97.67,18.76,97.07,22,76.48,3.48,11.53,evening_peak
EV_5a931474,ST016,2025-04-01 19:01:23,2025-04-02 10:18:31,60.66,49.25,99.15,7,30.26,4.32,10.96,evening_peak
EV_3dfc5272,ST002,2025-04-01 19:02:33,2025-04-02 05:23:02,52.55,24.0,80.2,22,29.53,1.34,9.0,evening_peak
EV_970af674,ST014,2025-04-01 19:02:43,2025-04-02 04:59:07,33.17,24.13,88.17,11,21.24,1.93,8.01,evening_peak
EV_a09210cb,ST006,2025-04-01 19:04:39,2025-04-02 13:33:12,83.61,18.54,88.38,7,58.4,8.34,10.13,evening_peak
EV_1e93979f,ST011,2025-04-01 19:04:43,2025-04-02 13:06:55,87.25,17.73,95.41,11,67.78,6.16,11.87,evening_peak
EV_6e7940e1,ST017,2025-04-01 19:04:50,2025-04-02 14:06:19,79.05,11.15,80.23,7,54.61,7.8,11.22,evening_peak
EV_b43823d6,ST008,2025-04-01 19:04:56,2025-04-02 09:31:40,97.72,21.2,82.19,11,59.59,5.42,9.03,evening_peak
EV_238f226d,ST010,2025-04-01 19:05:08,2025-04-02 10:16:52,83.55,19.83,94.0,11,61.98,5.63,9.56,evening_peak
EV_1e6ed72e,ST005,2025-04-01 19:06:10,2025-04-02 06:46:05,67.93,39.84,99.75,50,40.7,0.81,10.85,evening_peak
EV_e18e660c,ST006,2025-04-01 19:06:32,2025-04-02 08:59:25,65.7,40.1,80.23,7,26.36,3.77,10.12,evening_peak
EV_669515e4,ST002,2025-04-01 19:06:38,2025-04-02 12:12:52,92.72,21.49,83.82,7,57.79,8.26,8.85,evening_peak
EV_b0761f07,ST007,2025-04-01 19:06:40,2025-04-02 04:50:33,67.82,16.41,82.98,50,45.14,0.9,8.83,evening_peak
EV_3abd9679,ST012,2025-04-01 19:06:50,2025-04-02 04:47:02,77.43,24.64,91.93,50,52.09,1.04,8.63,evening_peak
EV_22ac5747,ST009,2025-04-01 19:06:56,2025-04-02 10:33:49,84.47,24.02,93.12,11,58.37,5.31,10.14,evening_peak
EV_76ad4a59,ST006,2025-04-01 19:07:49,2025-04-02 08:48:21,40.37,49.33,82.38,7,13.34,1.91,11.77,evening_peak
EV_8188c181,ST008,2025-04-01 19:08:39,2025-04-02 05:54:05,87.3,44.31,90.77,22,40.56,1.84,8.91,evening_peak
EV_8c712c64,ST001,2025-04-01 19:08:47,2025-04-02 05:21:37,64.92,49.47,82.04,50,21.15,0.42,9.79,evening_peak
EV_53b77a9f,ST006,2025-04-01 19:08:52,2025-04-02 07:51:18,71.08,13.43,97.82,50,59.98,1.2,11.51,evening_peak
EV_6348bff1,ST014,2025-04-01 19:09:10,2025-04-02 07:19:48,48.9,37.84,95.81,11,28.35,2.58,9.6,evening_peak
EV_ba540f57,ST016,2025-04-01 19:09:37,2025-04-02 12:51:57,79.35,29.32,89.67,7,47.89,6.84,10.86,evening_peak
EV_58e061f1,ST009,2025-04-01 19:09:51,2025-04-02 07:34:31,97.06,49.21,83.98,11,33.75,3.07,9.34,evening_peak
EV_311ee50d,ST005,2025-04-01 19:10:01,2025-04-02 07:11:01,59.69,36.8,94.41,22,34.39,1.56,10.45,evening_peak
EV_4cb6ec0a,ST006,2025-04-01 19:10:43,2025-04-02 09:16:08,67.68,22.75,91.34,11,46.43,4.22,9.87,evening_peak
EV_a36fd115,ST002,2025-04-01 19:10:51,2025-04-02 15:08:42,98.93,11.16,93.14,7,81.11,11.59,8.38,evening_peak
EV_9a2e46e3,ST008,2025-04-01 19:11:08,2025-04-02 06:47:34,33.21,38.38,83.21,11,14.89,1.35,10.25,evening_peak
EV_8c40080c,ST008,2025-04-01 19:12:04,2025-04-02 06:56:56,46.07,53.78,95.99,22,19.44,0.88,10.86,evening_peak
EV_0097ddbe,ST011,2025-04-01 19:12:25,2025-04-02 09:08:51,99.75,23.19,99.78,22,76.4,3.47,10.47,evening_peak
EV_afd02ee9,ST017,2025-04-01 19:13:10,2025-04-02 08:42:53,63.59,33.31,92.97,7,37.94,5.42,8.08,evening_peak
EV_40b3f2ec,ST002,2025-04-01 19:13:26,2025-04-02 08:15:16,84.08,11.18,95.04,22,70.51,3.2,9.83,evening_peak
EV_259937a8,ST020,2025-04-01 19:14:05,2025-04-02 12:19:30,86.32,25.12,93.77,7,59.26,8.47,8.62,evening_peak
EV_71db3cdf,ST011,2025-04-01 19:14:35,2025-04-02 07:07:37,65.3,43.32,98.79,11,36.22,3.29,8.59,evening_peak
EV_5d7f0fd5,ST011,2025-04-01 19:15:22,2025-04-02 15:25:33,87.26,25.43,94.06,7,59.89,8.56,11.61,evening_peak
EV_4df08f55,ST019,2025-04-01 19:15:52,2025-04-02 06:45:10,73.81,24.23,99.13,50,55.28,1.11,10.38,evening_peak
EV_a36b25ac,ST004,2025-04-01 19:16:22,2025-04-02 05:59:57,39.7,10.78,84.32,11,29.19,2.65,8.07,evening_peak
EV_74c1b550,ST003,2025-04-01 19:17:23,2025-04-02 12:19:32,95.58,58.77,97.36,7,36.88,5.27,11.77,evening_peak
EV_feaa9a33,ST011,2025-04-01 19:18:33,2025-04-02 06:13:01,58.54,22.57,96.83,22,43.47,1.98,8.93,evening_peak
EV_b2a2fce9,ST020,2025-04-01 19:19:33,2025-04-02 05:01:01,39.55,23.88,85.48,22,24.37,1.11,8.58,evening_peak
EV_7dada2fb,ST009,2025-04-01 19:19:50,2025-04-02 14:17:00,67.0,10.19,89.04,7,52.83,7.55,11.41,evening_peak
EV_9fd0422d,ST008,2025-04-01 19:20:48,2025-04-02 05:49:45,59.17,56.18,86.01,50,17.65,0.35,10.13,evening_peak
EV_2b014352,ST014,2025-04-01 19:21:01,2025-04-02 05:01:14,62.13,33.35,88.12,50,34.03,0.68,8.99,evening_peak
EV_e8d931eb,ST006,2025-04-01 19:22:06,2025-04-02 06:58:14,31.82,51.85,87.28,11,11.28,1.03,10.58,evening_peak
EV_8ae48325,ST015,2025-04-01 19:22:47,2025-04-02 10:20:44,53.53,35.47,83.05,7,25.47,3.64,11.33,evening_peak
EV_a932279f,ST020,2025-04-01 19:23:04,2025-04-02 06:13:57,45.21,56.1,95.13,11,17.64,1.6,9.24,evening_peak
EV_d7d712d6,ST015,2025-04-01 19:23:06,2025-04-02 08:16:02,84.75,26.71,95.19,22,58.03,2.64,10.24,evening_peak
EV_f7ff9c70,ST015,2025-04-01 19:23:13,2025-04-02 11:58:13,60.34,16.33,99.69,7,50.29,7.18,9.4,evening_peak
EV_4cff9235,ST020,2025-04-01 19:23:33,2025-04-02 08:52:47,45.89,54.26,91.5,7,17.09,2.44,11.05,evening_peak
EV_01380e29,ST010,2025-04-01 19:23:46,2025-04-02 08:07:55,89.79,35.21,88.94,50,48.24,0.96,11.77,evening_peak
EV_404f4cc9,ST015,2025-04-01 19:24:22,2025-04-02 08:17:18,35.95,13.96,82.89,7,24.78,3.54,9.34,evening_peak
EV_be31ecf0,ST001,2025-04-01 19:25:04,2025-04-02 07:37:49,33.14,56.8,87.2,7,10.07,1.44,10.77,evening_peak
EV_b83c3d5e,ST003,2025-04-01 19:25:37,2025-04-02 11:46:59,45.68,17.79,94.56,7,35.07,5.01,11.35,evening_peak
EV_1cf8acab,ST010,2025-04-01 19:25:45,2025-04-02 09:25:55,47.47,19.39,95.97,7,36.35,5.19,8.81,evening_peak
EV_2b9e71aa,ST014,2025-04-01 19:25:53,2025-04-02 11:20:58,97.19,57.92,97.34,7,38.31,5.47,10.44,evening_peak
EV_b727606b,ST020,2025-04-01 19:25:57,2025-04-02 09:24:39,50.3,23.11,99.65,7,38.5,5.5,8.48,evening_peak
EV_8e5190fb,ST019,2025-04-01 19:26:40,2025-04-02 12:20:03,87.97,45.6,85.05,7,34.7,4.96,11.93,evening_peak
EV_d84e4cbb,ST016,2025-04-01 19:27:24,2025-04-02 17:24:47,93.39,13.45,95.62,7,76.74,10.96,10.99,evening_peak
EV_c6d6af65,ST011,2025-04-01 19:27:30,2025-04-02 05:55:50,95.78,43.35,84.11,22,39.04,1.77,8.7,evening_peak
EV_416542d5,ST020,2025-04-01 19:27:45,2025-04-02 12:01:20,80.96,36.84,91.0,7,43.85,6.26,10.3,evening_peak
EV_d459be10,ST003,2025-04-01 19:28:25,2025-04-02 16:27:46,99.32,16.39,96.19,7,79.26,11.32,9.67,evening_peak
EV_7c56cb8b,ST008,2025-04-01 19:28:47,2025-04-02 11:08:47,90.86,28.35,95.55,11,61.06,5.55,10.12,evening_peak
EV_f657c576,ST009,2025-04-01 19:28:49,2025-04-02 08:08:04,36.76,40.25,96.63,11,20.73,1.88,10.77,evening_peak
EV_54fac1b1,ST019,2025-04-01 19:29:12,2025-04-02 08:17:55,90.99,19.39,89.42,22,63.72,2.9,9.92,evening_peak
EV_297bc890,ST002,2025-04-01 19:29:31,2025-04-02 10:58:40,75.56,37.5,90.7,7,40.2,5.74,9.74,evening_peak
EV_5f15ed63,ST015,2025-04-01 19:29:47,2025-04-02 04:57:43,76.02,28.62,98.39,50,53.03,1.06,8.4,evening_peak
EV_329f55ae,ST017,2025-04-01 19:30:49,2025-04-02 08:41:08,56.62,53.02,88.51,11,20.1,1.83,11.34,evening_peak
EV_9eda7c18,ST007,2025-04-01 19:31:46,2025-04-02 08:13:43,45.23,15.95,85.86,11,31.62,2.87,9.82,evening_peak
EV_8bade949,ST009,2025-04-01 19:31:57,2025-04-02 07:45:27,86.0,31.91,85.45,11,46.05,4.19,8.04,evening_peak
EV_562ac696,ST019,2025-04-01 19:32:04,2025-04-02 10:38:29,52.61,22.81,94.48,7,37.7,5.39,9.72,evening_peak
EV_66d51584,ST016,2025-04-01 19:32:48,2025-04-02 08:52:16,39.5,19.75,97.36,22,30.65,1.39,11.93,evening_peak
EV_c4fbb3ef,ST013,2025-04-01 19:33:05,2025-04-02 09:51:15,82.49,47.86,96.7,11,40.29,3.66,10.64,evening_peak
EV_06dcb115,ST003,2025-04-01 19:34:38,2025-04-02 05:41:53,64.19,41.04,90.07,22,31.48,1.43,8.69,evening_peak
EV_cc60659e,ST008,2025-04-01 19:35:42,2025-04-02 07:54:01,39.08,33.54,88.22,11,21.37,1.94,10.36,evening_peak
EV_dd03d2e9,ST014,2025-04-01 19:35:59,2025-04-02 07:39:12,67.51,26.08,88.5,11,42.14,3.83,8.22,evening_peak
EV_24c4078e,ST020,2025-04-01 19:36:37,2025-04-02 05:35:32,64.64,40.77,92.79,22,33.63,1.53,8.45,evening_peak
EV_7bc5609c,ST011,2025-04-01 19:37:49,2025-04-02 08:10:38,59.77,17.77,85.48,11,40.47,3.68,8.87,evening_peak
EV_fca33668,ST005,2025-04-01 19:37:58,2025-04-02 08:05:02,63.16,58.32,81.12,7,14.4,2.06,10.39,evening_peak
EV_fa5f6056,ST002,2025-04-01 19:38:17,2025-04-02 11:23:21,73.57,51.39,92.69,7,30.39,4.34,11.41,evening_peak
EV_58d9b3be,ST004,2025-04-01 19:38:40,2025-04-02 09:47:47,70.15,32.91,95.93,11,44.21,4.02,10.13,evening_peak
EV_bc0eeedb,ST004,2025-04-01 19:39:02,2025-04-02 12:42:04,78.08,21.53,90.97,7,54.22,7.75,9.3,evening_peak
EV_be4ef267,ST007,2025-04-01 19:39:27,2025-04-02 07:39:24,36.74,45.44,99.59,11,19.9,1.81,10.19,evening_peak
EV_2ec04b11,ST009,2025-04-01 19:39:32,2025-04-02 10:53:11,55.3,11.22,80.36,7,38.23,5.46,9.77,evening_peak
EV_d9d8fe81,ST011,2025-04-01 19:39:42,2025-04-02 07:09:04,31.85,45.96,98.85,11,16.85,1.53,9.96,evening_peak
EV_76da6ff1,ST013,2025-04-01 19:39:46,2025-04-02 06:41:33,98.61,39.87,99.12,22,58.43,2.66,8.37,evening_peak
EV_8d43aa80,ST014,2025-04-01 19:40:46,2025-04-02 11:24:10,69.09,24.6,95.25,7,48.81,6.97,8.75,evening_peak
EV_472f7d21,ST017,2025-04-01 19:41:03,2025-04-02 15:28:01,91.29,20.41,99.67,7,72.35,10.34,9.45,evening_peak
EV_b8239035,ST014,2025-04-01 19:41:24,2025-04-02 07:57:24,47.67,52.55,84.53,7,15.25,2.18,10.09,evening_peak
EV_07aea5b8,ST003,2025-04-01 19:41:25,2025-04-02 09:24:40,65.07,13.76,96.67,22,53.94,2.45,11.27,evening_peak
EV_70703c39,ST013,2025-04-01 19:41:28,2025-04-02 08:47:13,76.72,10.35,89.5,50,60.73,1.21,11.88,evening_peak
EV_83550b24,ST018,2025-04-01 19:41:40,2025-04-02 06:55:21,89.91,59.26,89.92,11,27.56,2.51,8.72,evening_peak
EV_2f578a1f,ST016,2025-04-01 19:41:46,2025-04-02 08:22:32,96.15,55.15,83.76,7,27.51,3.93,8.75,evening_peak
EV_ad4cb6b5,ST014,2025-04-01 19:41:56,2025-04-02 09:35:26,79.17,31.02,92.59,22,48.74,2.22,11.68,evening_peak
EV_2a3bf21c,ST014,2025-04-01 19:42:53,2025-04-02 09:46:22,81.55,25.17,99.25,11,60.41,5.49,8.57,evening_peak
EV_5eee9da0,ST019,2025-04-01 19:42:58,2025-04-02 08:44:28,73.8,56.13,90.0,7,24.99,3.57,9.45,evening_peak
EV_aaeeed4c,ST017,2025-04-01 19:43:25,2025-04-02 07:41:03,82.91,36.44,82.66,11,38.32,3.48,8.48,evening_peak
EV_9d1cca34,ST006,2025-04-01 19:43:33,2025-04-02 08:43:01,52.51,43.12,93.57,11,26.49,2.41,10.58,evening_peak
EV_8cbde0fb,ST004,2025-04-01 19:43:49,2025-04-02 06:50:59,38.56,55.85,87.81,11,12.32,1.12,10.0,evening_peak
EV_dad1f848,ST001,2025-04-01 19:45:26,2025-04-02 06:56:04,43.5,52.9,90.8,50,16.48,0.33,10.85,evening_peak
EV_5e00556c,ST010,2025-04-01 19:46:02,2025-04-02 07:28:09,39.96,24.39,85.42,7,24.39,3.48,8.22,evening_peak
EV_8db3fdc6,ST014,2025-04-01 19:46:23,2025-04-02 07:49:01,60.34,55.34,85.98,11,18.48,1.68,10.36,evening_peak
EV_706739c6,ST008,2025-04-01 19:47:02,2025-04-02 05:38:45,36.15,50.74,85.01,7,12.39,1.77,8.09,evening_peak
EV_7ce0e992,ST002,2025-04-01 19:47:25,2025-04-02 07:04:33,43.41,47.05,95.63,11,21.08,1.92,9.37,evening_peak
EV_d30df966,ST016,2025-04-01 19:48:13,2025-04-02 06:52:00,49.24,59.51,95.77,7,17.86,2.55,8.51,evening_peak
EV_1f253d94,ST019,2025-04-01 19:48:20,2025-04-02 05:56:38,38.58,36.71,88.6,50,20.02,0.4,9.74,evening_peak
EV_1d305d2d,ST005,2025-04-01 19:49:28,2025-04-02 06:18:18,35.56,52.44,88.67,22,12.88,0.59,9.89,evening_peak
EV_6cdd19ee,ST001,2025-04-01 19:49:43,2025-04-02 09:58:03,89.71,50.71,94.61,11,39.38,3.58,10.56,evening_peak
EV_bd29e76d,ST005,2025-04-01 19:49:51,2025-04-02 09:51:55,33.19,54.51,97.47,7,14.26,2.04,12.0,evening_peak
EV_e35217c7,ST012,2025-04-01 19:49:59,2025-04-02 08:26:47,74.63,37.71,98.27,50,45.2,0.9,11.71,evening_peak
EV_161344f6,ST020,2025-04-01 19:50:04,2025-04-02 09:22:34,52.05,51.78,96.11,7,23.07,3.3,10.25,evening_peak
EV_c333d291,ST016,2025-04-01 19:51:24,2025-04-02 06:23:31,57.42,41.08,97.56,50,32.43,0.65,9.89,evening_peak
EV_d1bac518,ST018,2025-04-01 19:51:32,2025-04-02 04:48:32,30.66,37.57,94.28,22,17.39,0.79,8.16,evening_peak
EV_f932c082,ST002,2025-04-01 19:51:46,2025-04-02 07:36:29,49.9,15.28,96.11,11,40.33,3.67,8.08,evening_peak
EV_932ed596,ST002,2025-04-01 19:51:48,2025-04-02 08:15:43,39.19,27.27,94.75,22,26.44,1.2,11.2,evening_peak
EV_67ff46c4,ST015,2025-04-01 19:53:03,2025-04-02 12:52:24,90.04,36.08,89.88,7,48.45,6.92,10.07,evening_peak
EV_57d61079,ST002,2025-04-01 19:53:03,2025-04-02 08:09:45,58.78,48.26,87.54,7,23.09,3.3,8.98,evening_peak
EV_4c2c5a36,ST020,2025-04-01 19:53:16,2025-04-02 10:12:07,73.16,41.21,92.39,7,37.45,5.35,8.96,evening_peak
EV_166d32b7,ST010,2025-04-01 19:53:25,2025-04-02 09:01:29,55.99,34.98,91.26,7,31.51,4.5,8.63,evening_peak
EV_d80b2100,ST017,2025-04-01 19:53:46,2025-04-02 14:32:48,76.53,12.36,82.62,7,53.77,7.68,10.97,evening_peak
EV_427eb5dc,ST003,2025-04-01 19:54:25,2025-04-02 06:51:49,81.63,30.55,99.0,22,55.88,2.54,8.42,evening_peak
EV_7c1a65e4,ST002,2025-04-01 19:54:27,2025-04-02 07:11:00,70.4,26.95,89.32,22,43.9,2.0,9.28,evening_peak
EV_be574a2b,ST017,2025-04-01 19:54:51,2025-04-02 08:12:07,72.36,20.4,87.07,22,48.24,2.19,10.09,evening_peak
EV_d9a3ec44,ST018,2025-04-01 19:54:55,2025-04-02 10:00:27,84.28,43.26,81.12,11,31.91,2.9,11.19,evening_peak
EV_229eb659,ST004,2025-04-01 19:54:56,2025-04-02 07:50:59,50.72,46.38,86.4,7,20.3,2.9,9.03,evening_peak
EV_fad1cf45,ST013,2025-04-01 19:55:13,2025-04-02 06:20:07,95.08,48.23,85.02,50,34.98,0.7,9.72,evening_peak
EV_14f396d0,ST002,2025-04-01 19:56:04,2025-04-02 11:16:53,86.65,26.84,83.7,11,49.27,4.48,10.87,evening_peak
EV_4eb4ea91,ST015,2025-04-01 19:56:14,2025-04-02 05:53:00,41.76,40.95,91.59,50,21.15,0.42,9.52,evening_peak
EV_6acaaa11,ST008,2025-04-01 19:56:21,2025-04-02 11:56:15,82.31,22.26,81.95,7,49.12,7.02,8.98,evening_peak
EV_e95d322d,ST011,2025-04-01 19:57:02,2025-04-02 07:24:41,85.34,40.69,84.3,22,37.22,1.69,9.77,evening_peak
EV_7f9e082b,ST010,2025-04-01 19:58:04,2025-04-02 13:44:29,93.15,28.21,89.83,7,57.4,8.2,9.57,evening_peak
EV_ec942008,ST011,2025-04-01 19:58:32,2025-04-02 08:37:32,35.23,22.59,86.81,22,22.62,1.03,11.62,evening_peak
EV_1d267ec5,ST009,2025-04-01 19:58:34,2025-04-02 05:19:17,93.74,33.71,86.11,50,49.12,0.98,8.36,evening_peak
EV_17787636,ST020,2025-04-01 19:58:47,2025-04-02 12:06:53,96.39,20.48,83.06,11,60.32,5.48,10.65,evening_peak
EV_d1596778,ST001,2025-04-01 19:58:50,2025-04-02 13:58:44,94.61,41.74,87.11,7,42.93,6.13,11.87,evening_peak
EV_f8bacd39,ST015,2025-04-01 19:59:03,2025-04-02 10:30:32,39.23,33.85,86.71,7,20.74,2.96,11.56,evening_peak
EV_f4d0b172,ST001,2025-04-01 19:59:09,2025-04-02 05:41:34,47.74,47.92,98.67,22,24.23,1.1,8.61,evening_peak
EV_d77f5fbb,ST013,2025-04-01 19:59:31,2025-04-02 09:11:19,34.17,53.75,92.44,7,13.22,1.89,11.31,evening_peak
EV_171150c8,ST019,2025-04-01 19:59:45,2025-04-02 10:31:36,94.84,54.44,88.13,11,31.95,2.9,11.63,evening_peak
EV_5cbde1cd,ST017,2025-04-01 19:59:46,2025-04-02 11:20:15,55.73,15.75,99.35,7,46.59,6.66,8.69,evening_peak
EV_3fe612b6,ST014,2025-04-01 20:03:24,2025-04-02 10:38:26,68.06,32.97,90.65,11,39.25,3.57,11.02,evening_peak
EV_d54dbc58,ST020,2025-04-01 20:13:26,2025-04-02 06:10:01,83.01,45.73,85.76,22,33.23,1.51,8.43,evening_peak
EV_1bebea90,ST002,2025-04-01 20:21:06,2025-04-02 10:28:22,83.25,51.23,91.26,7,33.33,4.76,9.36,evening_peak
EV_393570c5,ST004,2025-04-01 20:27:15,2025-04-02 09:54:38,86.34,19.44,91.58,22,62.28,2.83,10.63,evening_peak
EV_732f73ea,ST011,2025-04-01 20:40:01,2025-04-02 08:46:02,40.66,37.22,99.2,7,25.2,3.6,8.5,evening_peak
EV_2c66f7e6,ST009,2025-04-01 21:21:30,2025-04-02 12:14:31,94.31,45.82,91.67,7,43.23,6.18,8.71,evening_peak
EV_6269e11a,ST001,2025-04-01 21:25:51,2025-04-02 10:38:43,52.58,21.59,90.78,7,36.38,5.2,8.02,evening_peak
EV_d7198415,ST009,2025-04-01 21:51:12,2025-04-02 09:37:12,50.73,52.87,93.27,11,20.5,1.86,9.9,evening_peak
EV_1c23fe5e,ST005,2025-04-01 21:54:28,2025-04-02 10:35:56,36.14,40.46,89.44,22,17.7,0.8,11.89,evening_peak
EV_7348a471,ST008,2025-04-01 21:58:42,2025-04-02 11:33:16,60.94,29.11,84.31,11,33.64,3.06,10.52,evening_peak
EV_ed574ead,ST002,2025-04-01 22:21:54,2025-04-02 12:00:57,74.33,32.78,80.84,7,35.73,5.1,8.55,evening_peak
EV_862e87ad,ST017,2025-04-01 22:45:51,2025-04-02 15:03:48,46.32,14.15,80.5,7,30.73,4.39,11.91,evening_peak
EV_c4d1bffc,ST016,2025-04-01 22:55:48,2025-04-02 10:58:10,82.25,51.66,91.8,22,33.02,1.5,10.54,evening_peak
EV_5ea81a08,ST016,2025-04-01 23:01:28,2025-04-02 13:06:51,59.03,21.23,83.94,7,37.01,5.29,8.8,evening_peak
EV_cc6fe0b4,ST004,2025-04-01 23:02:12,2025-04-02 13:12:10,89.4,15.71,97.87,22,73.45,3.34,10.83,evening_peak
EV_3a0e37e1,ST016,2025-04-01 23:03:04,2025-04-02 10:53:28,51.36,32.96,88.78,50,28.67,0.57,11.27,evening_peak
EV_1a647831,ST017,2025-04-01 23:16:28,2025-04-02 15:32:59,84.01,56.81,97.18,7,33.92,4.85,11.43,evening_peak
EV_a99bd4f6,ST010,2025-04-01 23:31:40,2025-04-02 11:31:56,39.67,45.54,99.83,7,21.54,3.08,8.93,evening_peak
EV_43843f5b,ST020,2025-04-01 23:39:35,2025-04-02 10:53:30,42.89,12.87,80.89,50,29.17,0.58,10.65,evening_peak
EV_abc9446f,ST017,2025-04-01 23:52:35,2025-04-02 13:21:34,33.38,13.52,92.52,11,26.37,2.4,11.09,evening_peak
